TCP,LEGACY_TALISAY
Summer,LEGACY_ALIJIS
Special,LEGACY_ALIJIS
SP,LEGACY_BINALBAGAN
SHS,LEGACY_ALIJIS
ROTC,LEGACY_BINALBAGAN
Registrar,LEGACY_ALIJIS
PRESCHOOL,LEGACY_TALISAY
Ph. D.,LEGACY_TALISAY
Octoberian,LEGACY_ALIJIS
MTM,LEGACY_TALISAY
MTM,LEGACY_BINALBAGAN
MTM,LEGACY_ALIJIS
MPA.,LEGACY_FT
MPA,LEGACY_TALISAY
MPA,LEGACY_BINALBAGAN
MPA,LEGACY_FT
MFT,LEGACY_BINALBAGAN
MBA,LEGACY_BINALBAGAN
MBA,LEGACY_FT
MAT-TLE,LEGACY_TALISAY
MAT-MATH,LEGACY_TALISAY
MAT-Gen Sci,LEGACY_TALISAY
MAT-Eng,LEGACY_TALISAY
MAT,LEGACY_TALISAY
MAT,LEGACY_BINALBAGAN
MAED-AT,LEGACY_TALISAY
MAED,LEGACY_TALISAY
MAED,LEGACY_BINALBAGAN
HELE,LEGACY_BINALBAGAN
GRADUATE,LEGACY_BINALBAGAN
G11,LEGACY_ALIJIS
Ed. D.,LEGACY_TALISAY
Ed. D.,LEGACY_BINALBAGAN
ECP-BLG,LEGACY_TALISAY
DPA,LEGACY_TALISAY
DOED,LEGACY_BINALBAGAN
BTVTEd,LEGACY_ALIJIS
BTTE,LEGACY_TALISAY
BTTE,LEGACY_ALIJIS
BTLED,LEGACY_TALISAY
BTLED,LEGACY_BINALBAGAN
BSOA,LEGACY_FT
BSNED,LEGACY_TALISAY
BSMA,LEGACY_FT
BSIT,LEGACY_TALISAY
BSIT,LEGACY_BINALBAGAN
BSIT,LEGACY_ALIJIS
BSIS,LEGACY_TALISAY
BSIS,LEGACY_FT
BSIS,LEGACY_ALIJIS
BSIND,LEGACY_BINALBAGAN
BSHRM,LEGACY_TALISAY
BSHM,LEGACY_TALISAY
BSFI,LEGACY_BINALBAGAN
BSED,LEGACY_TALISAY
BSED,LEGACY_BINALBAGAN
BSE,LEGACY_BINALBAGAN
BSE,LEGACY_FT
BSCRIM,LEGACY_BINALBAGAN
BSCE,LEGACY_TALISAY
BSBCRIM,LEGACY_BINALBAGAN
BSBA-FM,LEGACY_FT
BSBA,LEGACY_BINALBAGAN
BSBA,LEGACY_FT
BSAM,LEGACY_TALISAY
BSACT,LEGACY_FT
BSA,LEGACY_FT
BS PSYCH,LEGACY_TALISAY
BS IND TECH,LEGACY_ALIJIS
BS ECE,LEGACY_ALIJIS
BS CPE,LEGACY_ALIJIS
BPED,LEGACY_TALISAY
BPA,LEGACY_TALISAY
BIT,LEGACY_TALISAY
BIT,LEGACY_ALIJIS
BEED,LEGACY_TALISAY
BEED,LEGACY_BINALBAGAN
BECED,LEGACY_TALISAY
AIT,LEGACY_ALIJIS
ADVISING,LEGACY_ALIJIS
AB-SOCSCI,LEGACY_TALISAY
AB-ENG L,LEGACY_TALISAY
AB-ENG,LEGACY_TALISAY
,LEGACY_FT
